{
	"axis_max" : 8.8351000000000006,
	"axis_min" : -7.4245999999999999,
	"bounding_polygon" : 
	[
		[ 0.85177860318584842, -1.554224997332224, 0.0 ],
		[ 7.4258502061283895, -1.554224997332224, 0.0 ],
		[ 7.4258502061283895, -7.3314393076582256, 0.0 ],
		[ 0.85177860318584842, -7.3314393076582256, 0.0 ]
	],
	"class_name" : "SelectionPolygonVolume",
	"orthogonal_axis" : "Z",
	"version_major" : 1,
	"version_minor" : 0
}